buffer_B,stockout_probability
2,0.965190
3,0.947785
4,0.930380
5,0.912974
6,0.895569
7,0.878164
8,0.860759
9,0.843354
10,0.825949
11,0.793570
12,0.765748
13,0.745088
14,0.725078
15,0.696059
16,0.663631
17,0.624797
18,0.562287
19,0.466458
20,0.377033
21,0.296792
22,0.218947
23,0.171359
24,0.129526
25,0.077159
26,0.059026
27,0.037684
